state,lat_min,lat_max,lng_min,lng_max,pop_sum,male_pop_sum,female_pop_sum,rent_mean_mean,rent_mean_median,rent_median_mean,rent_median_median,rent_stdev_mean,rent_gt_10_mean,rent_gt_10_median,rent_gt_20_mean,rent_gt_20_median,rent_gt_30_mean,rent_gt_30_median,rent_gt_40_mean,rent_gt_40_median,rent_gt_50_mean,rent_gt_50_median,hi_mean_mean,hi_mean_median,hi_median_mean,hi_median_median,hi_stdev_mean,family_mean_mean,family_mean_median,family_median_mean,family_median_median,family_stdev_mean,hc_mortgage_mean_mean,hc_mortgage_mean_median,hc_mortgage_median_mean,hc_mortgage_median_median,hc_mortgage_stdev_mean,hc_mean_mean,hc_mean_median,hc_median_mean,hc_median_median,hc_stdev_mean,home_equity_second_mortgage_mean,home_equity_second_mortgage_median,second_mortgage_mean,second_mortgage_median,home_equity_mean,home_equity_median,debt_mean,debt_median,second_mortgage_cdf_mean,second_mortgage_cdf_median,home_equity_cdf_mean,home_equity_cdf_median,debt_cdf_mean,debt_cdf_median,hs_degree_mean,hs_degree_median,hs_degree_male_mean,hs_degree_male_median,hs_degree_female_mean,hs_degree_female_median,male_age_mean_mean,male_age_mean_median,male_age_median_mean,male_age_median_median,male_age_stdev_mean,female_age_mean_mean,female_age_mean_median,female_age_median_mean,female_age_median_median,female_age_stdev_mean,married_mean,married_median,separated_mean,separated_median,divorced_mean,divorced_median,physically_active,obesity_percentage,totalScore,n_restaurants
Alabama,30.2375544,34.9652858,-88.37319690000001,-84.980785,2516214,1226877,1289337,764.9508748275852,716.78323,729.7668308702791,687.0,289.33550949096923,0.95151459770115,0.9708,0.7214906075533657,0.73302,0.5049935796387518,0.50545,0.352422594417077,0.34906,0.2612042692939246,0.25172,55919.91344420361,51950.2313,43407.78653530378,39286.0,47639.696197274214,65274.35113610841,60875.7445,54768.881773399014,50547.0,46205.2894800328,1193.630170329489,1116.49102,1096.835255354201,1029.0,510.6997545963753,384.3658073146628,364.41861,355.4909390444811,338.0,174.24526014827043,0.020346342668863263,0.01515,0.023246342668863256,0.017480000000000002,0.07065942339373969,0.0624,0.546932026359143,0.53995,0.5072079901153209,0.46968000000000004,0.5896211861614491,0.61715,0.6523635584843499,0.71613,0.8275881967213109,0.821815,0.8166867049180324,0.81591,0.8380328571428568,0.83878,38.40421586885244,38.79575,37.990710540983564,38.708335000000005,21.9347005737705,40.82417498360655,41.13315,40.878551967213156,41.5,22.667432459016386,0.5044552131147546,0.53406,0.023249114754098396,0.016905,0.11990309836065578,0.11810999999999999,0.161,0.36200000000000004,39.35,3723
Alaska,53.621091299999996,67.07401750000001,-166.7709793,-131.10668470000002,469126,246520,222606,1190.0935901904759,1152.5009599999998,1143.047619047619,1075.0,472.3491388571431,0.9356149523809524,0.95972,0.6748445714285712,0.6765100000000001,0.4209609523809522,0.41658,0.2648133333333334,0.2574,0.18199952380952378,0.16564,83541.3340705714,82377.92526,69925.11428571428,69027.0,61038.9813437143,91911.13751809527,90707.89388999999,81676.62857142858,80311.0,55992.15130304764,1797.7451099029126,1769.7401399999999,1734.5728155339805,1729.0,662.1337119417476,577.0778738461539,579.9549999999999,557.3461538461538,568.0,253.14164999999997,0.015407115384615384,0.010384999999999998,0.01809855769230769,0.014249999999999999,0.05342413461538463,0.045235,0.5972788461538462,0.645545,0.5711314423076923,0.5006600000000001,0.6655613461538462,0.69693,0.5272067307692307,0.49822,0.9169644761904757,0.92909,0.9168786666666671,0.92295,0.9173371428571427,0.9334399999999999,36.50962942857143,36.51652,35.919047523809525,35.66667,20.26612666666666,36.868152190476174,36.76109,36.428570857142844,35.83333,21.08205466666666,0.4834020952380951,0.49453,0.018309904761904763,0.01425,0.1149239047619048,0.11535,0.242,0.295,38.21,393
Arizona,31.338944800000004,36.916588,-114.7770437,-109.1416554,3491125,1737284,1753841,1085.9953255739797,1019.846135,1037.7079081632653,958.5,371.11917113520434,0.9599912244897963,0.9875100000000001,0.7272846045918361,0.7535449999999999,0.4820341964285722,0.49407999999999996,0.3283175892857144,0.32498,0.23502475765306122,0.22976,66474.48784057172,59650.27706,54574.885641677254,48566.0,50533.19817416777,72967.17900397703,67370.33284,63412.41296060991,57469.0,47183.87431756042,1408.4946114890904,1295.68148,1327.4069319640564,1202.0,552.0171919640569,428.7578223809528,405.43736,403.5328185328185,382.0,180.66599823680824,0.02379989769820973,0.016175000000000002,0.027283746803069074,0.019165,0.09216226342711004,0.084505,0.6444337979539639,0.68079,0.49942349104859385,0.452615,0.5116517774936062,0.5127200000000001,0.45373823529411783,0.414325,0.8508043813131302,0.8939600000000001,0.8496520833333332,0.89618,0.8532163888888892,0.895195,39.01052383838386,37.018395,38.71296292929298,35.83333,20.854198522727298,40.2700183207071,38.38322,40.27083332070708,37.08333,21.167293320707074,0.5080460479797977,0.51729,0.015576174242424237,0.010585,0.1086496338383838,0.10186500000000001,0.221,0.295,52.92,4319
Arkansas,33.0740956,36.4749612,-94.5546039,-89.8690399,1540462,758011,782451,715.2278328412254,678.61238,678.3676880222841,653.0,273.6942749303623,0.9516333983286903,0.9727299999999999,0.7070839554317552,0.72832,0.47354738161559873,0.47465,0.32009994428969346,0.31858000000000003,0.2302972701949862,0.21704,55027.72098060779,51078.93678,42491.599447513814,38501.0,46826.42807632596,64477.54943922652,59827.047645,53905.0138121547,48628.5,45400.14407345302,1108.3274660674163,1048.466845,1003.6797752808989,941.0,490.89425452247184,365.2701886464088,351.29891,338.18508287292815,328.0,161.76056881215465,0.015136712707182334,0.010709999999999999,0.01619320441988951,0.012545,0.03901287292817678,0.031045000000000003,0.5392892541436463,0.5350950000000001,0.5864872375690607,0.51612,0.72445138121547,0.759735,0.6562824861878453,0.724405,0.8350632044198892,0.84198,0.8245567955801107,0.83655,0.846634254143646,0.8480000000000001,38.455830027624344,38.555465,37.9251840883978,37.958335000000005,22.025251712707195,40.54316013812155,40.8317,40.584023812154705,40.791664999999995,22.79783425414366,0.5342827624309392,0.561685,0.021217209944751368,0.015290000000000002,0.12529999999999997,0.12195,0.165,0.371,36.61,2053
California,32.5473763,41.858327,-124.23965049999998,-114.58389629999999,20197555,10081248,10116307,1468.4531834039958,1374.96274,1417.4367622259697,1329.0,534.2878730763666,0.9708856323777405,0.9855200000000001,0.7994395157793301,0.8168300000000001,0.5623623825584187,0.5716100000000001,0.3941002312695732,0.39516999999999997,0.2906245772103115,0.28701,82014.30908191158,76052.058665,68000.14443909485,61447.0,61482.40834404175,87604.86015224394,81466.36114,77814.16421863713,69094.0,55433.28555580062,2212.048594669593,2158.30528,2164.3991709339184,2072.0,804.863591799561,557.0119257658321,513.734605,521.7120765832107,475.0,247.01414503681954,0.03529965324927248,0.02839,0.04275321774975747,0.035960000000000006,0.13157875363724533,0.127745,0.7203366391852568,0.736695,0.37603979146459615,0.297635,0.36862467992240516,0.32343,0.3306051673132883,0.28291,0.8103517985611505,0.861785,0.8092609594627013,0.8619700000000001,0.8123758093179615,0.8641000000000001,37.374153140733554,36.904070000000004,36.60459125389603,35.58333,20.960214190841523,39.152202286468324,38.7997,38.60610604366601,37.66667,21.670468637236098,0.49687307600096037,0.50016,0.019572867417885456,0.01547,0.08186028290577779,0.07629,0.239,0.258,63.14,27510
Colorado,37.073513299999995,40.8777039,-108.7231294,-102.21131190000001,2799395,1411330,1388065,1197.9804833890578,1152.3942299999999,1140.6109422492402,1080.5,434.8090088449847,0.9611929179331307,0.98212,0.7437379787234053,0.763985,0.4860745288753801,0.499715,0.322705623100304,0.31911500000000004,0.23201724924012163,0.221775,79159.77083383333,74107.961245,66494.2393939394,61005.5,57640.754390560556,87957.08396018177,83661.79303999999,78400.7787878788,72724.0,53271.03022528783,1657.1556033230293,1584.67485,1582.9536321483772,1512.0,618.2365794744985,468.6055644135798,440.681265,440.35648148148147,412.0,187.41261006172843,0.04942615384615385,0.04395,0.05503973846153855,0.050855,0.12949276923076922,0.128225,0.7159263538461547,0.734395,0.2861817692307693,0.20061,0.36629830769230803,0.32161,0.34011604615384616,0.288095,0.908320090361445,0.940465,0.9030431626506025,0.93492,0.9135985476550665,0.9437700000000001,37.52814918674699,37.576755000000006,37.28300700301207,36.66667,20.866779954819286,39.095636208459226,39.385895,39.01875605740178,38.66667,21.54892935045315,0.528154442771084,0.5386200000000001,0.013381310240963841,0.00852,0.10530257530120479,0.100585,0.26,0.23,55.38,3650
Connecticut,40.9833239,42.0227059,-73.6820227,-71.8383475,1914899,924516,990383,1314.159087968397,1210.17205,1268.5011286681715,1156.0,511.66732796839733,0.9616160270880363,0.98034,0.7504820090293456,0.7791,0.50591559819413,0.5176,0.350261467268623,0.35533000000000003,0.2590535440180587,0.24563000000000001,92807.00726494355,89796.30651000001,79123.22121896163,75236.0,66869.29405618507,103187.5099278732,103865.108365,95396.1334841629,92353.0,59243.95765282805,2190.13446444954,2073.2775549999997,2140.9266055045873,1976.5,750.539087133028,878.3619352283099,844.8797850000001,859.8150684931506,814.5,282.86881429223746,0.035461731207289314,0.025,0.03987173120728928,0.03165,0.14576615034168555,0.14916,0.6861033712984059,0.69658,0.37311578587699323,0.33316999999999997,0.30062785876993203,0.24629,0.3939042596810935,0.37646999999999997,0.8951229504504504,0.9293,0.8921987162162165,0.925165,0.8994522347629792,0.93263,39.19659698198198,39.95769,39.766704121621586,41.5,21.713927882882892,41.47844304740408,41.986999999999995,42.20823945823929,43.75,22.398135598194123,0.5130133783783783,0.537785,0.011154346846846845,0.00554,0.09181815315315316,0.08685999999999999,0.228,0.27399999999999997,58.24,1672
Delaware,38.4689052,39.832215600000005,-75.78211740000002,-75.06715129999999,488669,236762,251907,1103.4881029629628,1063.867135,1056.8703703703704,1021.0,401.501442037037,0.9532634259259258,0.972215,0.7349725000000004,0.765065,0.4955999074074073,0.492845,0.33905055555555585,0.33947,0.23774925925925924,0.23326000000000002,74435.83225157407,70018.84655,60351.194444444445,56832.0,57448.35886879631,84135.13122185183,78407.11454499999,74090.8425925926,67453.0,53170.56150212963,1575.0325949074074,1520.619995,1503.537037037037,1465.0,605.4619105555553,485.21784074074054,453.01487,448.287037037037,418.0,212.36113861111116,0.031132592592592594,0.023625,0.03620500000000001,0.027215000000000003,0.12482296296296297,0.12198499999999998,0.6800962037037038,0.679295,0.39579194444444454,0.37349,0.36610564814814806,0.346005,0.416357962962963,0.41790000000000005,0.876217685185185,0.8874599999999999,0.8647144444444443,0.8834299999999999,0.8891275925925927,0.89038,39.66645370370371,39.153715,39.318672870370364,38.04167,21.747506296296297,41.55436,40.809645,41.65046277777779,41.75,22.660192870370363,0.4937699074074074,0.5173099999999999,0.018488055555555556,0.013665,0.10396685185185187,0.10241499999999999,0.19,0.335,51.67,499
Florida,24.5479066,30.9674914,-87.49781309999999,-80.0371619,10609057,5193417,5415640,1143.9508129808974,1070.43087,1085.1888049755664,1011.0,406.85254277654326,0.9716691337183477,0.9965,0.7999763882718811,0.82319,0.5629169346956912,0.57335,0.3964765659706806,0.39773000000000003,0.2886021368280766,0.28039000000000003,63868.7535194683,57788.9322,50368.25919361985,45428.0,52136.98939144437,72413.45385800439,65992.54131,61356.97871396896,54860.0,49254.00083432373,1574.0830137991086,1437.21692,1472.8870535714286,1331.5,649.7379505982138,522.8967177926717,468.94584,491.7462019660411,438.5,232.539944530831,0.023451664435519822,0.01702,0.02764337349397587,0.02109,0.09698758589915231,0.09182,0.5860094957608217,0.59827,0.4820005800981708,0.43331000000000003,0.4836728871039701,0.47876,0.5761815394912985,0.60334,0.8647268344370863,0.88661,0.8561756291390732,0.8811700000000001,0.8730306460176975,0.89371,41.80075617218544,39.97201,42.346468004414916,40.41667,21.58355301986755,43.72496117152968,42.272594999999995,44.635020667550826,43.25,22.077616480990272,0.5014115584988958,0.50845,0.022238825607064038,0.01665,0.11748340397351019,0.11299000000000001,0.205,0.307,51.01,13307
Georgia,30.7085,34.9603529,-85.4538293,-80.9006411,5412817,2641952,2770865,950.944477602997,901.69255,906.1788389513108,848.5,337.5445820131088,0.9638385018726602,0.98253,0.7466587359550568,0.764785,0.5102522378277152,0.52403,0.35946564606741566,0.36085,0.26339250936329595,0.26236000000000004,64097.46901293732,56536.052070000005,51065.27970065482,44196.0,51848.078638138424,72324.80133873234,64718.628370000006,61867.114553990614,54173.0,49239.229254197104,1428.0348117741942,1313.4714049999998,1326.9734345351044,1207.5,579.5150688235292,449.12235209125464,414.503335,416.44106463878325,383.0,195.46495361216725,0.031337589792060506,0.024024999999999998,0.035865368620037814,0.028805,0.10104320415879024,0.08938,0.6429364744801525,0.659135,0.4164254253308127,0.3588,0.4820004253308129,0.489925,0.4759356710775052,0.46629,0.8430489478584718,0.85286,0.8321141061452508,0.843925,0.8544689841565706,0.86354,36.753839813780225,36.71854999999999,36.379888361266275,36.25,21.092616945996244,38.8121585088537,38.91583,38.715827903075485,38.58333,21.705458900279663,0.5042013873370579,0.5311,0.02294780260707632,0.017185,0.10040328677839849,0.096675,0.203,0.325,55.15,7526
Hawaii,19.3372688,22.060868799999998,-160.15250790000002,-154.9137249,782728,397432,385296,1719.2152194642858,1519.610745,1661.1130952380952,1445.0,593.8162423809524,0.9713469642857145,0.985745,0.8043494047619049,0.80359,0.5678794642857143,0.56656,0.396135654761905,0.378285,0.28526380952380964,0.27306,86366.21730220233,82967.973145,73098.19047619047,70398.5,61242.88560541668,92671.91494982035,91351.07452000001,82674.70658682635,80725.0,55435.88823772454,2353.815118607594,2371.327655,2265.525316455696,2251.0,888.2934756962023,575.8347294039737,548.74792,539.6556291390729,516.0,244.8376558940398,0.025033670886075953,0.018404999999999998,0.031343164556962,0.024845,0.13208740506329114,0.13610499999999998,0.665844683544304,0.668535,0.4431262025316454,0.396265,0.35994721518987355,0.29169999999999996,0.4527830379746833,0.443365,0.9197340476190481,0.93269,0.9274621428571428,0.9365349999999999,0.9120052380952383,0.93088,39.076155357142866,39.94656500000001,38.71676607142858,39.25,20.960778809523813,41.00712720238095,41.814440000000005,41.16468238095239,41.5,21.937787202380946,0.5209148809523813,0.513555,0.013523035714285722,0.009845,0.08803869047619041,0.08219,0.24600000000000002,0.249,68.27,1295
Idaho,42.0609834,48.213961600000005,-117.07154469999999,-111.2117653,868080,433259,434821,806.8065012837836,772.34589,769.7432432432432,730.0,309.96796040540545,0.9459860810810812,0.9631099999999999,0.6958222297297297,0.7200500000000001,0.4663843918918918,0.4774,0.30257547297297316,0.31008500000000006,0.21293047297297304,0.20126500000000003,60020.30595641894,59796.531310000006,48139.93918918919,46919.5,47983.536291824355,67799.0362985135,66462.87343,57464.31756756757,56944.0,45709.85659966213,1279.4363887162158,1249.41763,1177.1216216216217,1152.0,538.816265675676,375.0851602027027,366.31320500000004,344.7027027027027,334.0,171.93869702702705,0.03179979729729727,0.02666,0.03659891891891891,0.033034999999999995,0.10537020270270268,0.09920999999999999,0.6612948648648647,0.66488,0.371018108108108,0.3216,0.4390985810810809,0.44488999999999995,0.4531805405405405,0.45249500000000004,0.8893790540540546,0.9045050000000001,0.8810931081081077,0.8976999999999999,0.8976854054054052,0.9140550000000001,37.5999981756757,37.187615,37.180180337837825,35.458335000000005,22.07627445945946,38.69897851351351,37.75583,38.273648445945945,37.08333,22.622535878378383,0.5667230405405402,0.584925,0.012828243243243245,0.0070350000000000005,0.11481560810810812,0.10738,0.233,0.284,63.09,1149
Illinois,36.987961600000006,42.4865065,-91.41200400000001,-87.53240770000001,6588759,3239561,3349198,1026.7268244339639,961.23753,975.5748427672956,904.0,387.16631026415047,0.9559460943396222,0.97465,0.7278257547169802,0.745275,0.4926955283018864,0.486495,0.3441709433962265,0.33272,0.2585460817610063,0.245425,72336.51744422011,66706.992015,59060.47924528302,54234.0,55794.06180793719,81861.94209603782,76301.797395,72380.62075471698,66770.0,52082.708753566025,1710.1461322920625,1660.86995,1627.1492063492065,1568.0,635.9619688634929,639.078108232676,600.7730700000001,617.7272727272727,576.0,239.60338074380155,0.025100304375396326,0.01906,0.029547951807228932,0.02271,0.10844057070386813,0.10199,0.65568063411541,0.66178,0.45599696258719036,0.41725,0.44221414077362076,0.43268999999999996,0.46079689917565003,0.45973,0.8663936540880499,0.89994,0.8609731698113201,0.8963,0.8716599622641514,0.903765,37.473217251572365,37.846289999999996,37.000786150943405,37.375,21.347834622641525,39.48500016352204,39.8067,39.36032497484276,39.83333,22.089882540880545,0.48943055974842764,0.51144,0.016536955974842782,0.01077,0.0893170691823898,0.08357,0.21600000000000003,0.318,52.47,9052
Indiana,37.882031,41.755575799999995,-87.9092004,-84.8242525,3389012,1672018,1716994,810.2310957142855,773.75596,770.6040100250626,737.0,296.8881461152884,0.9528990726817042,0.974585,0.711213057644111,0.7299,0.46305479949874656,0.466355,0.31431867167919775,0.31167500000000004,0.23475942355889717,0.224415,59845.439083667145,58462.72797000001,48824.51063829787,47354.0,46713.77025256571,68388.97905701761,67530.053155,59030.05012531328,58315.0,44654.15413671678,1139.1663275188905,1097.91592,1058.3841309823677,1024.0,463.37682847607,409.03020452020286,393.17138,378.3989898989899,365.0,175.63454823232337,0.02497659547738693,0.021585,0.02808724874371858,0.025,0.0981949497487437,0.09465499999999999,0.6498823994974872,0.650375,0.43699816582914536,0.394645,0.46768243718592994,0.46536,0.47671032663316587,0.48702,0.8630612749999996,0.87973,0.8558213624999993,0.87649,0.8689333124999996,0.89099,37.693868662500016,38.23108,37.21343754999996,37.875,21.796219737499996,39.75005853749997,40.05553,39.57572924999997,40.33333,22.549035212500012,0.5072915000000002,0.535795,0.013822287499999999,0.009195,0.12211030000000019,0.11892,0.171,0.341,50.2,4826
Iowa,40.39976420000001,43.453556400000004,-96.4602729,-90.189533,1501895,743877,758018,736.489553478261,703.5257750000001,684.5,652.0,326.05692845410647,0.9280307971014496,0.945805,0.6471210386473429,0.65718,0.40794719806763274,0.40754500000000005,0.27912065217391296,0.268475,0.20254538647342965,0.18483,63735.19468335753,62294.47627,52352.108695652176,51836.0,49996.30448028989,74530.49123224644,73326.701355,65619.03381642512,64510.0,47478.4313399517,1228.977192729469,1188.2547100000002,1131.123188405797,1080.0,510.2422313043483,464.44225147343025,454.65441,433.3719806763285,425.5,194.5588443719808,0.024725652173913062,0.02065,0.027906183574879236,0.022815000000000002,0.08553799516908227,0.07980999999999999,0.5955211835748793,0.603,0.4287447826086954,0.41615500000000005,0.5199032125603866,0.5351699999999999,0.5816839613526571,0.5931850000000001,0.9061140579710141,0.9182650000000001,0.8967254830917877,0.9089100000000001,0.9152603864734291,0.93062,39.082674299516924,39.719165000000004,39.04005649758456,40.08333,22.428077270531407,41.25668306763287,41.850305,41.45330089371979,42.58333,23.471626376811592,0.548611256038647,0.57649,0.01138920289855073,0.007859999999999999,0.10706161835748786,0.10289500000000001,0.192,0.353,61.07,1879
Kansas,37.0148033,39.922372100000004,-101.8688012,-94.6050845,1602050,797338,804712,825.9006348951048,748.14047,784.6689976689977,711.0,316.17792121212125,0.9416571561771565,0.96268,0.6800801631701627,0.69271,0.4239508391608393,0.41865,0.2770981351981354,0.26486,0.20254137529137542,0.18267,64788.99048827505,58507.563220000004,53773.02797202797,47169.0,49206.76442219111,74216.49747125873,69470.51757000001,65691.88344988345,59712.0,46359.12035228439,1289.319027985949,1193.21024,1208.4332552693209,1116.0,496.7291391569086,490.0523890887854,454.56706499999996,462.3551401869159,427.0,197.98298810747642,0.02036261682242991,0.01651,0.022996775700934568,0.019110000000000002,0.06636642523364486,0.05934,0.5754267757009346,0.596685,0.49885250000000025,0.45321500000000003,0.6053957242990656,0.631695,0.6003875233644858,0.6067100000000001,0.8863519114219116,0.90964,0.8810008158508169,0.90985,0.8919945687645681,0.9199,37.782481585081584,37.970490000000005,37.32206699300699,37.16667,22.181637599067585,39.69567941724942,40.07396,39.64743596736596,40.25,23.164498927738922,0.5411356177156176,0.5737,0.013284545454545452,0.00864,0.11277198135198131,0.10751,0.19,0.344,52.3,2059
Kentucky,36.5542207,39.113426200000006,-88.9800671,-82.0978361,2243143,1103713,1139430,735.5911704401416,694.120075,697.6672535211268,658.5,283.10865559859167,0.9450066901408452,0.963635,0.7014414964788735,0.720035,0.4745873239436624,0.47826,0.3268662676056338,0.31778,0.2434274295774648,0.23035500000000003,56963.48617110522,51781.032235000006,44897.2701754386,39870.0,46796.09397896489,66198.93863649032,61121.121660000004,56318.3897707231,51865.0,45511.6914718871,1176.213558321554,1110.1436549999999,1087.768551236749,1020.0,494.08170989399264,384.8662182405745,364.66204,356.7558348294435,339.0,169.52507538599656,0.029033932980599655,0.01598,0.03206213403880071,0.01882,0.09875081128747792,0.08607999999999999,0.585945837742504,0.59028,0.4959307936507937,0.45614,0.5019808112874781,0.50516,0.5841876719576719,0.6197600000000001,0.8335553859649126,0.843345,0.8194170701754385,0.8308850000000001,0.8470264499121264,0.8546799999999999,38.062638184991336,38.58909,37.965096125654405,38.41667,21.55733312390925,40.098899842657396,40.578725000000006,40.23499405594407,41.16667,22.261235786713286,0.5253208202443279,0.5551699999999999,0.02004553228621291,0.01436,0.1251645549738222,0.12063,0.168,0.366,39.42,3175
Louisiana,29.168849199999997,33.0031412,-93.9794686,-89.48055440000002,2454659,1197975,1256684,835.3016365829139,796.9080299999999,798.1323283082077,767.0,318.7418738860968,0.9439226298157447,0.96715,0.7304905025125633,0.7489,0.5218704187604682,0.52381,0.37735956448911245,0.37451999999999996,0.2854463316582912,0.27397,59312.03900448331,56531.055495,45125.46166666667,42004.5,51694.72131699995,68870.90466055008,65868.448625,57205.666666666664,53620.5,49565.50283834998,1298.5479693311045,1212.16455,1207.3210702341137,1117.0,537.7677758695656,385.1105115268457,343.419735,353.8808724832215,316.0,187.97824750000015,0.02098297658862876,0.011095,0.024280886287625446,0.014164999999999999,0.058238394648829385,0.046085,0.513064147157191,0.51058,0.5526143478260872,0.5015350000000001,0.6559828762541808,0.6932050000000001,0.7048934280936451,0.7633300000000001,0.8225165282392023,0.828375,0.8019772333333332,0.814465,0.8413206146179394,0.848905,37.50171486710964,37.617185000000006,36.47674420265779,36.25,21.600709817275764,39.763524202657806,39.66715,39.17331107973427,38.91667,22.312330830564736,0.45968058333333317,0.47605,0.024499666666666656,0.0185,0.1115810999999999,0.10618,0.17800000000000002,0.368,37.15,3309
Maine,43.1211585,47.255269399999996,-70.9332071,-67.1081422,710622,347816,362806,846.1759177894733,796.604065,803.5894736842105,772.5,360.4719799473685,0.9564321052631578,0.971835,0.7501853684210527,0.75439,0.495902578947368,0.503645,0.3324388947368423,0.32945,0.2470319473684211,0.243295,61978.043037473675,58003.39253,49213.14736842105,46725.0,51100.26027526315,72455.80658626318,68444.077015,62070.563157894736,59421.5,48965.630361789474,1416.2052472631572,1384.88147,1311.3,1278.0,609.5676183684213,532.548953210526,513.93418,497.9894736842105,481.5,225.35072163157892,0.01682894736842105,0.01347,0.020603684210526316,0.015215,0.11694747368421053,0.11323,0.6205566315789472,0.627545,0.5038280526315788,0.49165500000000006,0.3944834210526318,0.38288,0.5373737368421052,0.539555,0.9118655789473684,0.915815,0.8982094736842111,0.9007000000000001,0.9252132105263156,0.9319999999999999,42.13611126315789,42.03304,43.87456136842108,44.5,22.22791673684211,43.97369699999998,43.86332,45.80175421052632,46.416664999999995,22.632311,0.5346394210526318,0.55608,0.008621473684210524,0.00567,0.13364542105263155,0.13416,0.201,0.304,49.81,703
Maryland,38.001284399999996,39.7091742,-79.4357541,-75.0713877,3292145,1602210,1689935,1408.5751815119352,1320.34769,1373.818302387268,1272.5,493.06508342175044,0.9652263262599469,0.986915,0.7597115119363386,0.7802549999999999,0.5063605968169761,0.510835,0.3421238726790449,0.33333,0.2535158222811669,0.238425,92755.50133574658,88741.12126,80326.56671070014,74364.0,63889.18816849411,100754.87148533679,96856.68707,92616.03170409512,85697.0,57443.90583475565,2002.085761880921,1955.63878,1930.3288227334235,1860.0,735.0551985791614,619.9457822818785,598.41098,593.3060402684564,564.0,221.82591135570473,0.03751731283422454,0.03183,0.0448090909090909,0.037724999999999995,0.14883292780748655,0.146155,0.7343995721925124,0.74666,0.33514554812834224,0.284045,0.30187803475935804,0.256255,0.30215411764705863,0.26114,0.8864158923884521,0.9110199999999999,0.8785272047244104,0.904075,0.8920814960629907,0.914995,38.023090314960655,38.184070000000006,38.24803133858272,37.91667,21.274017664042,40.15053458005249,40.188509999999994,40.614501456692906,40.875,21.789578740157474,0.5078778740157478,0.5356000000000001,0.023252690288713906,0.018279999999999998,0.08639681102362208,0.083035,0.21600000000000003,0.309,61.78,3549
Massachusetts,41.259744700000006,42.85732470000001,-73.3598875,-69.941451,3555026,1724503,1830523,1216.010929869961,1160.4838300000001,1171.9934980494147,1126.0,531.172372639792,0.9585277373211967,0.9722200000000001,0.7428356566970091,0.75646,0.4870171521456434,0.48713999999999996,0.3240640442132639,0.31401999999999997,0.24134495448634583,0.23134000000000002,87218.96382924775,85497.47903,72963.11284046693,69438.0,65758.82637182876,98194.7291388312,96557.982085,89263.96103896105,85691.5,59543.946544000035,2143.2419342408384,2087.6904750000003,2092.6217277486912,2022.5,758.9130713350777,758.9962916402125,719.05896,737.292328042328,691.5,261.9235098809528,0.030940837696335075,0.023739999999999997,0.036399227748691115,0.028915,0.1451255104712042,0.14458,0.7103361256544504,0.70965,0.4125706544502621,0.35786,0.30450797120418854,0.26137,0.3542207591623033,0.34531500000000004,0.8849961240310081,0.92022,0.882072674418605,0.9131100000000001,0.8881145090439266,0.928675,38.68437175710598,38.86936,38.50322979328166,39.08333,21.268196162790673,40.9644187338501,41.167925,40.883505555555544,41.91667,22.03733636950905,0.4897563049095608,0.506435,0.018020180878552977,0.012150000000000001,0.08166122739018082,0.07528499999999999,0.21600000000000003,0.257,56.85,2837
Michigan,41.7549085,47.365372,-90.14145490000001,-82.43206009999999,5224877,2557263,2667614,918.5081765469616,839.808835,868.3798342541437,781.0,339.7155278453044,0.9636884185082887,0.981995,0.752530766574586,0.7723,0.5203802624309389,0.52595,0.3758042610497237,0.36364,0.28681964779005537,0.2667,63297.92857811584,58470.57432000001,51564.316770186335,47024.0,49227.894241242204,72193.77824173577,68520.70247,62915.82019363762,58621.5,46695.123915200544,1345.6703035544683,1251.8039549999999,1262.6263966480446,1173.5,527.9579949371513,506.9538995827524,471.87343999999996,479.3539638386648,446.0,200.4017327051464,0.02330984722222223,0.018064999999999998,0.026982874999999993,0.021965,0.10588263888888867,0.102945,0.5964946874999998,0.621325,0.46173256250000067,0.42452500000000004,0.4482131041666672,0.428285,0.5593375555555551,0.5537000000000001,0.8840099655884376,0.90254,0.8761586639118472,0.897935,0.8916370847691263,0.9129700000000001,38.823423716448744,39.00067,39.029536572608386,39.75,21.73072194081212,40.83597507914657,41.13998,41.437485602202365,42.0,22.38993174122505,0.4862544528561589,0.52884,0.014056269786648295,0.008159999999999999,0.10811614590502402,0.10532000000000001,0.191,0.33,49.52,6414
Minnesota,43.5507804,48.7842748,-97.0201498,-90.5638899,2879177,1426107,1453070,960.9842521356421,925.17708,904.3405483405484,852.0,399.19454646464703,0.956088569364162,0.9716799999999999,0.7163426589595381,0.7400100000000001,0.45854380057803457,0.45726999999999995,0.3010387283236995,0.292495,0.21861154624277476,0.207185,75821.6622743146,70578.49156000001,62958.82395382395,58888.0,56705.527946897506,86788.29675802302,81933.14816,76963.5772005772,72202.0,53319.41535219339,1564.3199133910543,1502.10442,1470.018759018759,1416.0,622.3636794372298,527.0430234343432,500.7739,496.3492063492063,474.0,211.69065746031742,0.0372712554112554,0.032619999999999996,0.04225040404040404,0.037469999999999996,0.13491764790764788,0.13377999999999998,0.6704750505050506,0.68104,0.3157046320346319,0.28601,0.336385757575758,0.3005,0.43260953823953874,0.41373000000000004,0.9167264367816094,0.929675,0.9124631178160927,0.9250550000000001,0.9215226984126988,0.93958,38.459460747126485,38.53083,38.35177208333335,38.16667,21.738975416666676,40.241599119769106,40.46171,40.24927848484848,40.66667,22.564836392496375,0.5272612500000002,0.5566450000000001,0.009475287356321834,0.005915,0.09216558908045981,0.08897,0.20800000000000002,0.301,67.26,2803
Mississippi,30.259962800000004,34.991147999999995,-91.40514990000001,-88.3138155,1558044,755465,802579,738.5889817765043,699.66647,713.9541547277937,687.0,280.0584552149,0.9534747564469914,0.9746,0.7433541260744984,0.7640399999999999,0.5275004871060173,0.5387,0.37031332378223497,0.37037,0.27118859598853856,0.26461999999999997,50920.375238657114,48443.78120499999,38337.82,35492.0,45166.647263657134,59313.52045845275,56240.616010000005,48623.68194842407,45965.0,44063.51060266478,1122.346233717578,1063.60348,1024.7636887608069,974.0,485.3846373775214,378.4082426074499,365.71982,345.72779369627506,334.0,180.96248002865326,0.01427865329512895,0.00797,0.016181747851002872,0.00976,0.045983209169054455,0.0356,0.5045198280802289,0.49668999999999996,0.6153510028653293,0.53913,0.695392636103152,0.74007,0.7168168767908308,0.78405,0.8075381196581196,0.8081699999999999,0.7880097150997157,0.79487,0.827205171428571,0.8296599999999998,37.27257356125356,37.49627,36.184710341880354,36.0,21.939111623931616,39.77451034285718,39.799335,39.22023814285714,39.791664999999995,22.762523285714295,0.4764030199430198,0.49791,0.028063846153846148,0.02314,0.1124095726495726,0.1099,0.166,0.395,41.63,2237
Missouri,36.044892299999994,40.491059299999996,-95.5562913,-89.27563620000001,3092144,1518324,1573820,834.9196770498608,776.062865,794.409972299169,746.0,318.06820160664824,0.9523914819944603,0.9703200000000001,0.7064693490304704,0.72565,0.46128846260387835,0.467065,0.31115418282548496,0.305315,0.22721580332409966,0.21969,62061.40346953232,56568.12806,50296.716643741405,45132.0,48970.47345268224,71800.91580647873,66267.26376,62405.510316368636,56533.0,46604.966204305434,1286.4512124585628,1194.847125,1202.2900552486187,1107.0,504.05571294198904,449.58475957123056,417.08197,426.4246196403873,393.0,173.5704888934992,0.02210465469613259,0.017475,0.02518023480662984,0.020605,0.07907081491712703,0.07298,0.6167241850828731,0.624815,0.4780456215469616,0.43811,0.5521490331491713,0.5677050000000001,0.5361691850828734,0.54603,0.8745902200825313,0.8861399999999999,0.8681916391184578,0.88031,0.8808537826685012,0.89099,38.569218595041356,38.59397,38.09148327823689,37.75,21.989953994490342,40.71631158184317,40.77875,40.63594690508942,41.08333,22.6546176341128,0.5143182920110191,0.54541,0.018020413223140512,0.012875000000000001,0.11492428374655658,0.113565,0.18899999999999997,0.35,42.76,4207
Montana,45.0226823,48.8074125,-115.8348347,-104.3277411,564861,282401,282460,756.5043172955973,731.62657,694.0817610062893,674.0,343.1866176729559,0.9218646540880503,0.94909,0.6673007547169809,0.67724,0.4230318238993712,0.42295,0.2839440880503145,0.27536,0.19810534591194962,0.19055,60598.420765723284,58975.22552000001,47192.45911949685,45606.0,51045.489750251596,71673.66430842764,72177.29905,60999.201257861634,60527.0,48789.517911823896,1338.336384649682,1292.9823800000001,1227.8535031847134,1187.0,580.9881287898086,422.81849364779885,419.87570999999997,385.748427672956,377.0,203.6827344654087,0.018186918238993717,0.0127,0.020885911949685542,0.01468,0.062099811320754705,0.05559,0.5220991194968556,0.54319,0.5264689937106918,0.49673,0.623055220125786,0.64888,0.679878050314465,0.71033,0.9234216981132081,0.93056,0.9181455974842764,0.9239799999999999,0.9288325157232706,0.93755,40.63019641509432,41.08313,41.56865798742139,43.08333,22.450064528301883,41.82490207547171,42.66303,42.867924276729546,43.66667,22.915581823899377,0.5477732704402513,0.5775899999999999,0.011677358490566038,0.0078,0.11520955974842766,0.11001,0.21100000000000002,0.26899999999999996,51.08,649
Nebraska,40.0543975,42.8726863,-103.9381379,-95.585887,970077,482309,487768,834.5603652573535,775.60315,780.1801470588235,718.0,338.0999919852941,0.9369028676470584,0.957155,0.6636463235294121,0.6857249999999999,0.4026293382352938,0.40173000000000003,0.2668765808823528,0.26239999999999997,0.19318926470588227,0.17506,68401.36250338236,62690.591125,56627.65073529412,51842.0,51665.42928209554,78310.41097242647,74978.580275,69415.28676470589,65026.5,48431.88226018386,1351.4399563568768,1251.63826,1249.7026022304833,1156.0,530.1517723048327,526.1566699628255,486.55084000000005,500.81412639405204,457.0,207.2012690706319,0.026227249070631974,0.02062,0.02930985130111524,0.023969999999999998,0.08242289962825276,0.07603,0.6173985873605943,0.6323300000000001,0.4195940148698883,0.40503,0.5362252044609668,0.5533,0.5259862453531602,0.5283800000000001,0.9045129197080293,0.93087,0.8987926642335771,0.926825,0.9108719852941176,0.9359550000000001,37.676378759124084,37.992335,37.2785890510949,37.208335000000005,22.005351021897795,39.52109216911764,39.630265,39.386948676470574,39.58333,22.808600257352946,0.5522481386861309,0.5868800000000001,0.010704014598540146,0.006525,0.09655635036496348,0.09059,0.191,0.341,59.11,1351
Nevada,35.136330900000004,41.033337700000004,-119.9652218,-114.05678449999999,1459071,739535,719536,1140.9691963247851,1103.7952400000001,1089.002849002849,1045.0,370.3166828490027,0.9638563532763531,0.9801799999999999,0.747081396011396,0.7630100000000001,0.48781957264957276,0.49163,0.3274725356125356,0.32461,0.23629549857549836,0.23519,67913.2667983475,63991.71012999999,55995.17378917379,52582.0,51408.75393216523,73821.16743792027,71054.63905,64054.74074074074,61267.0,47190.63873535614,1542.2282331395345,1446.017075,1453.2848837209303,1355.5,595.450596831395,460.7081631686046,427.08450000000005,429.8168604651163,398.0,190.89821142441852,0.03188649275362319,0.02486,0.03575431884057971,0.02943,0.09827252173913047,0.09385,0.6806112463768117,0.70685,0.4164963768115942,0.35305,0.4908828695652178,0.46941000000000005,0.4003731594202897,0.35186999999999996,0.8429587749287748,0.87603,0.8424842165242161,0.87855,0.8444239031339029,0.87636,38.3662792022792,37.79428,38.30579310541312,37.75,21.124126581196585,39.20413541310538,39.036570000000005,39.1816237037037,38.33333,21.563805071225094,0.4806979202279209,0.47322,0.021629487179487185,0.01594,0.13072578347578348,0.12814,0.195,0.295,51.8,2202
New Hampshire,42.703784999999996,45.058548200000004,-72.50482209999998,-70.74063509999999,694959,344063,350896,1103.8677740384617,1067.125605,1067.2051282051282,1008.5,420.816381282051,0.965309294871795,0.9849950000000001,0.754872371794872,0.75788,0.4722379487179488,0.47903,0.3137253846153847,0.30422499999999997,0.228625064102564,0.218415,82587.12245551284,81978.47073,68960.03846153847,68294.0,61500.11769294871,92588.66907416665,91329.28471499999,82671.17307692308,81041.5,56144.367086666694,1929.0636271794874,1909.5625149999998,1850.8076923076924,1826.0,694.2290260897438,783.1562418589743,770.0460700000001,760.2307692307693,746.5,281.8362250641026,0.023849871794871788,0.021740000000000002,0.027577499999999994,0.024905,0.13075788461538457,0.1263,0.674453782051282,0.6791400000000001,0.4308627564102567,0.39546,0.34388185897435913,0.32914,0.42781211538461533,0.41824,0.9158367948717946,0.9298500000000001,0.9067426282051281,0.91542,0.9248089102564107,0.93824,40.34970294871795,40.256835,41.74946602564101,42.666664999999995,21.765753974358976,42.07476423076922,42.20942,43.297542500000006,44.541664999999995,22.247053269230765,0.5422879487179487,0.556805,0.009911538461538465,0.00659,0.1122489743589743,0.10835,0.214,0.29600000000000004,52.37,610
New Jersey,38.9476904,41.2656171,-75.511333,-73.91689620000001,4482520,2182652,2299868,1394.1532689526687,1301.08412,1349.9738167170192,1255.0,500.86944297079526,0.9645183282980864,0.98251,0.7718687713997977,0.78959,0.531996565961732,0.53889,0.37783609264854007,0.36875,0.2796206747230614,0.26866999999999996,91777.35789414836,88871.450775,77882.09318637275,73794.0,66247.30595397792,100504.3775388166,99284.67577,91938.06318956871,89114.0,58870.36004257783,2425.9022634843936,2395.0336199999997,2381.4914400805637,2332.0,804.1118221852971,994.3158182388655,982.91315,993.4868421052631,972.5,300.0207531781378,0.02106220543806642,0.015280000000000002,0.027629848942598182,0.02101,0.1245636354481369,0.12525999999999998,0.6917672004028196,0.70047,0.4882596878147023,0.43415,0.3778883786505541,0.33321,0.38814513595166183,0.36699,0.879477604373757,0.91124,0.876934616915422,0.91143,0.8825398604187425,0.91307,38.7415503283582,38.58882,39.13714758208958,39.08333,21.327977592039833,41.012431485543345,40.62257,41.572864855433686,41.58333,22.056656590229295,0.5240188756218899,0.54214,0.016757820895522392,0.01141,0.06993234825870638,0.06523,0.21899999999999997,0.257,58.1,4059
New Mexico,31.793092600000005,36.8624527,-108.87790459999998,-103.108672,1203128,595608,607520,872.7725960975611,808.7789,820.397212543554,759.0,339.3731397560977,0.943208292682927,0.9709700000000001,0.7085591986062717,0.7368399999999999,0.4903181881533102,0.5052300000000001,0.3430516027874564,0.33831,0.2515808710801394,0.24606999999999998,61163.33359871081,56875.18592999999,47949.216027874565,43110.0,51003.265164320546,69747.7035507666,64383.98191,59273.33449477352,54043.0,48070.610718850156,1292.7429830419567,1224.21436,1206.3636363636363,1150.5,531.0607443006991,371.5709400350875,358.19286,341.90526315789475,335.0,175.7366702105263,0.021842132867132876,0.014620000000000001,0.02377132867132868,0.016415,0.057179895104895115,0.049420000000000006,0.5490361888111887,0.56675,0.5446272377622379,0.480125,0.6528816083916086,0.67782,0.6335489160839162,0.6669350000000001,0.8385952613240418,0.8607299999999999,0.8292456445993033,0.8464799999999999,0.8471733449477358,0.87789,38.75755188153306,38.59346,38.37746794425088,37.5,21.97989979094078,40.35117271777004,39.86665,40.477932404181175,40.25,22.6139636933798,0.48846794425087053,0.49015,0.014988432055749115,0.01057,0.11806512195121951,0.11219000000000001,0.23199999999999998,0.32299999999999995,43.35,610
New York,40.5086733,45.0045206,-79.6041528,-72.1087437,10394107,5032257,5361850,1256.308767088808,1231.43368,1212.6865790521704,1178.0,482.11492526881716,0.9568013938669853,0.97354,0.754848231780166,0.77507,0.5307770967741943,0.53875,0.3809986459577863,0.37644,0.29228876941457604,0.28570999999999996,78367.22317290812,72600.35887000001,64298.50615812475,58481.0,60419.37508034557,86851.42094912351,81654.828285,77321.82231075698,70010.0,55032.957089816766,2226.739801024171,2338.2844,2180.2560426054897,2264.0,790.9311962556319,785.579669189302,753.23162,770.2641975308642,719.0,305.0362915144022,0.016953787388843993,0.008135,0.0215080274858529,0.011625,0.10070679062247379,0.09396,0.6236796038803563,0.6375649999999999,0.5999436782538408,0.524205,0.4863584236054963,0.46884499999999996,0.5110033912691992,0.516535,0.8471036808846758,0.8790850000000001,0.8429808860759502,0.8722,0.8518782567353398,0.885925,38.17734158560695,38.602509999999995,37.60857384341634,38.08333,21.28190675761173,40.47469106534655,40.73041,40.34861385346531,40.91667,22.06453475247527,0.48590671807038416,0.50635,0.022074598655595138,0.0166,0.0735667022538554,0.06899,0.198,0.276,57.35,10577
North Carolina,33.8937359,36.5406504,-84.176843,-75.571597,5184944,2526445,2658499,883.8010260434781,821.382785,834.3678260869565,764.0,332.66337309565193,0.9609028608695662,0.97929,0.7314871217391309,0.75271,0.48889460869565254,0.49773,0.33655029565217387,0.33604500000000004,0.2421177913043479,0.23241499999999998,63556.85826135425,57308.867495,50759.140625,44941.0,51103.21265523444,72904.91749233508,66194.144065,62714.93576388889,55516.5,48703.37965670999,1368.1022649082981,1276.30493,1266.4733624454148,1176.0,571.2629354323136,431.7456086625872,403.83500499999997,402.03583916083915,374.5,183.66681152972026,0.023332090592334497,0.017905,0.02749620209059236,0.021865000000000002,0.11723560975609766,0.10753499999999999,0.6473513327526124,0.6459950000000001,0.45616562717770065,0.4256,0.41158653310104537,0.408165,0.4799148606271774,0.497425,0.8552495254529754,0.86387,0.838657765314928,0.84878,0.8706012900432901,0.8805200000000001,38.37014683347718,38.37684,38.56478293356343,38.75,21.516242847282154,40.65856397058822,40.7862,41.19341108996542,41.375,22.150503313148803,0.5420529594477999,0.55935,0.02795720448662641,0.02301,0.09594254529767052,0.09235,0.188,0.33,53.69,6960
North Dakota,46.068110299999994,48.913122200000004,-103.8446117,-96.704712,368821,188536,180285,753.6154895454545,696.912705,680.1272727272727,637.5,355.34819318181815,0.8728641818181815,0.89815,0.5693305454545455,0.5750850000000001,0.3383185454545456,0.348845,0.2183946363636364,0.20853500000000003,0.1614317272727273,0.15396500000000002,69608.64013981816,68582.609855,55717.86363636364,54008.0,56791.0700860909,82007.38182563636,82715.158965,71436.09090909091,70834.5,53663.50657709087,1227.980008165137,1198.6105699999998,1141.3853211009175,1116.0,509.29994688073396,441.4516695370371,434.64559499999996,414.1666666666667,408.0,193.01609675925923,0.015273577981651371,0.00811,0.017642385321100913,0.01031,0.057256513761467884,0.03803,0.47814752293577967,0.47495,0.6027819266055047,0.53481,0.654168623853211,0.72952,0.741823394495413,0.81315,0.9063650909090909,0.9097850000000001,0.8982520909090911,0.8998600000000001,0.9148569090909086,0.913845,38.470019363636375,38.598315,37.67272736363636,36.708335000000005,21.94430936363637,40.35234545454547,40.85955,39.82651572727273,41.33333,23.31052672727274,0.5199742727272728,0.5368850000000001,0.008519363636363636,0.00442,0.09471500000000001,0.09304499999999999,0.171,0.35100000000000003,65.62,446
Ohio,38.4246554,41.9581574,-84.7848791,-80.53854150000001,6139531,3010888,3128643,820.9505011038535,763.29436,780.2442847811888,726.0,313.8460582429787,0.9536130764206405,0.9687899999999999,0.715917139124754,0.72938,0.4729398563030699,0.47508,0.3288488634879166,0.32492,0.24450018288700198,0.22913000000000003,62265.75161940566,58403.6681,50582.193337687786,47178.0,48543.87972753758,71792.88641245248,68079.04872,62223.22890778287,58901.0,46397.68529425119,1296.9169207682214,1221.60712,1221.091923834537,1147.0,505.008463000655,480.3875316160946,446.127365,455.061345646438,422.0,185.06450979551488,0.02829493762311228,0.02326,0.03231848325673013,0.02659,0.12168290873276423,0.11977,0.6402766841759688,0.64604,0.4197907091267234,0.37965,0.3833551871306626,0.35505,0.4940783716349312,0.49733,0.8793032615786044,0.8985299999999999,0.8734216438356159,0.89454,0.8854871064663615,0.90396,38.659835838225675,38.9215,38.53772562296151,39.0,21.94125638617089,40.90969898105812,41.13303,41.25283041802742,41.91667,22.702585591116904,0.49293165688193086,0.52257,0.016843091976516622,0.01172,0.11556544031311157,0.11135999999999999,0.183,0.34,48.19,9026
Oklahoma,33.8039777,36.958742,-102.50294559999999,-94.4848687,2022316,1003736,1018580,792.4489509800358,734.27178,746.8130671506352,697.0,306.83658880217786,0.9383308711433759,0.9507,0.6746803085299463,0.6893199999999999,0.43862990925589845,0.44348000000000004,0.2930006896551723,0.29181,0.2116257168784029,0.20354,59357.674294954624,55670.98146,47494.24319419238,43470.0,48294.898917604274,68086.28545408348,64565.576779999996,58386.55716878403,54805.0,45830.58325411976,1180.5957373394488,1108.3115599999999,1088.8,1012.0,476.9311458899081,409.64734042279406,378.94338500000003,383.09007352941177,351.5,175.96112911764695,0.01943625228519197,0.01385,0.021525082266910432,0.0171,0.04308625228519195,0.0366,0.551395027422303,0.5491,0.5175320840950637,0.47348,0.709456544789763,0.7357199999999999,0.6441661425959778,0.6997899999999999,0.8564822504537215,0.8718299999999999,0.8477545916515429,0.8648299999999999,0.865992903811252,0.8795299999999999,37.45743384754992,37.6846,36.70462796733211,36.5,21.846182686025397,39.22686021778585,39.803509999999996,38.67362377495462,38.91667,22.608695589836646,0.5208950635208711,0.54583,0.019681125226860267,0.0155,0.12946090744101643,0.12712,0.159,0.348,38.89,3002
Oregon,42.061756700000004,46.1921396,-124.3721727,-116.9537855,2162139,1070676,1091463,1024.740688565122,981.70715,951.6136865342163,907.0,416.33756015452525,0.968763620309051,0.98208,0.7660558498896252,0.77876,0.5265834216335546,0.5283800000000001,0.36901130242825586,0.37245,0.27570624724061804,0.27574,67380.89904269319,62319.68667999999,54624.81456953642,50003.0,53505.884591081696,76947.11590878593,71096.95529,67154.43708609272,61451.0,50706.054309183215,1648.0804915452538,1576.56894,1568.6467991169977,1507.0,635.0988399779252,515.1424395143486,491.57372000000004,490.3664459161148,470.0,202.44606046357606,0.03474192052980134,0.028069999999999998,0.04013207505518765,0.032,0.11725320088300213,0.11244000000000001,0.6668085651214128,0.6826399999999999,0.36172075055187625,0.33021,0.39927094922737294,0.38642,0.43844684326710814,0.40998999999999997,0.8974575717439286,0.9116299999999999,0.8908887858719653,0.9032399999999999,0.9040794260485658,0.9195200000000001,39.666205342163366,39.186409999999995,40.01986770419426,39.25,21.757050264900663,41.317063907284734,41.44598,41.698859492273705,41.83333,22.313209558498887,0.5241430905077266,0.54491,0.015694724061810165,0.01069,0.11889331125827814,0.11571,0.223,0.299,48.05,2942
Pennsylvania,39.7300245,42.16572360000001,-80.5157305,-74.6996707,6786776,3315641,3471135,947.2330702387886,880.6911699999999,899.412929528247,828.0,363.59085431566695,0.9494512754804885,0.9697,0.7204446884100173,0.7346600000000001,0.48559550960978437,0.48047,0.33556242283051824,0.32061,0.2472929237041354,0.22978,69082.24317102082,64438.935885,56378.473897911834,52179.5,53402.23112794078,79925.03523914907,75263.66088000001,70179.7465034965,64941.0,50199.035833438225,1502.826940960749,1401.39887,1418.3280609256005,1307.0,591.1854972231987,558.2084016296731,517.4474,531.2844626168225,490.5,217.75810578855183,0.01953864880605707,0.015319999999999999,0.02401651135701807,0.01964,0.11243202679091455,0.10824,0.6016824403028541,0.61095,0.48890135119394296,0.44783999999999996,0.41783313919627324,0.40495,0.5640055387303432,0.57619,0.8875132173913048,0.90384,0.8835108705745796,0.9025200000000001,0.8927365621370491,0.90906,39.46592958212409,39.91115,39.45627776552523,40.41667,21.902649257109683,41.933934715447165,42.333394999999996,42.23219114982584,43.41667,22.711011109175356,0.5025535287289608,0.5376,0.020837504352872897,0.01707,0.08853911781775986,0.0845,0.209,0.309,50.54,6077
Rhode Island,41.356523700000004,42.0126686,-71.8240831,-71.1672468,527716,256423,271293,1062.2006476190472,1023.64522,1005.9603174603175,971.5,432.87435960317464,0.9668296031746033,0.97816,0.755554761904762,0.760475,0.49082777777777803,0.499325,0.33982349206349205,0.32918000000000003,0.24672492063492063,0.2318,75862.80635357142,74473.385995,61627.69047619047,59248.5,59046.83056182541,86252.73099198406,86061.59477000001,76477.71428571429,75955.0,54440.724156349235,1900.9817173387098,1825.1327849999998,1835.3790322580646,1768.5,689.5669385483878,721.6828403225809,694.91611,695.2177419354839,666.5,260.6865888709677,0.034448629032258066,0.025349999999999998,0.04094306451612902,0.032369999999999996,0.15238120967741933,0.15277000000000002,0.7105020161290322,0.71572,0.3498945161290322,0.32702,0.2760346774193548,0.23491499999999998,0.3474667741935483,0.33081499999999997,0.8694623809523809,0.8866,0.8666205555555555,0.893235,0.8717094444444446,0.8966799999999999,39.2831707142857,40.248535000000004,39.51521142857143,40.791664999999995,21.718767222222212,41.790520873015865,42.701695,42.158729841269825,43.70833,22.49706007936509,0.5030163492063492,0.51602,0.01460936507936508,0.008885,0.09959404761904764,0.10006,0.18899999999999997,0.27699999999999997,50.44,504
South Carolina,32.1398723,35.150799,-83.1814127,-78.6258172,2461759,1194553,1267206,859.6429987432672,810.80199,811.967684021544,765.0,330.4727056193893,0.9625749192100534,0.98188,0.7397928725314179,0.7583300000000001,0.5065701256732492,0.51445,0.35448754039497293,0.35484,0.2611567324955119,0.25397,58800.69354491925,54698.14095,46065.18850987433,42698.0,48930.288525044874,68137.68534794966,64224.57561,57693.64208633093,53848.0,46809.07281636695,1283.3987000727286,1179.497825,1176.3345454545454,1083.5,552.1378020909092,402.9708026401446,370.22522000000004,371.45388788426766,341.0,184.71010994575045,0.02105833634719711,0.014480000000000002,0.023962007233273047,0.01786,0.08336197106690778,0.07296,0.5763440144665465,0.5761,0.507903471971067,0.46565,0.5373705786618445,0.5678,0.6022248282097644,0.64868,0.8452806250000005,0.84619,0.8330970071684582,0.83889,0.8570690714285719,0.861135,38.65729644007159,38.5632,38.342426923076935,38.41667,21.708944740608224,40.75325771428572,40.811170000000004,40.85074394642855,41.16667,22.308376125000006,0.5198112522361361,0.53997,0.0314449016100179,0.02624,0.09959415026833623,0.09597,0.188,0.34299999999999997,48.26,3492
South Dakota,42.7384901,45.8123364,-103.9491554,-96.5521016,471349,236300,235049,676.7777880952384,658.7267449999999,625.2857142857143,612.0,327.6595376984126,0.9063763492063495,0.932725,0.6194927777777777,0.63009,0.37420865079365084,0.369325,0.24138587301587297,0.241705,0.17088888888888892,0.16429,63506.93040390625,61779.93606,51350.4296875,48768.0,51877.662243124985,74623.97649250005,74995.355355,64653.8984375,64313.0,49847.8056965625,1272.986343359375,1281.7745850000001,1150.5546875,1175.5,573.1285989062499,463.61673742187503,449.10864,429.671875,422.0,210.59411781249997,0.014891953124999998,0.0109,0.017645859374999993,0.011545,0.06096296875,0.054680000000000006,0.5209379687500001,0.53304,0.53981125,0.524905,0.6246226562499998,0.653535,0.6762727343750001,0.727865,0.9055943750000002,0.9144200000000001,0.8921594531250007,0.899655,0.9194177343750003,0.92702,39.059823750000014,39.0261,38.843750234375,38.0,22.727800156249998,40.679731484375,41.02036,40.785156328125005,41.25,23.801549140625,0.5463918749999997,0.5666800000000001,0.009598281249999997,0.006144999999999999,0.10381765625000001,0.10331499999999999,0.18600000000000003,0.301,60.8,530
Tennessee,34.9941658,36.636308899999996,-90.0838623,-81.8163305,3367715,1643458,1724257,841.0186903921565,767.9035,796.5934640522876,729.0,316.8310758692812,0.9589959346405226,0.9766,0.7307714640522874,0.7440899999999999,0.48276583006535917,0.48462,0.3269768627450981,0.31701999999999997,0.23802784313725478,0.22666999999999998,60004.29391742821,54177.38950999999,47588.85509138381,41844.5,48885.94232745433,68849.47021738901,62629.70807000001,58781.55221932115,52893.5,46728.131049334246,1275.7332046335075,1175.5566,1176.8115183246073,1078.5,526.8301776178009,418.58740405511725,389.216445,387.70997375328085,359.0,178.37930139107598,0.023227832898172346,0.017585,0.02548787206266318,0.01918,0.07733881201044378,0.067275,0.5961667885117498,0.5889249999999999,0.47238792428198456,0.45242000000000004,0.5598595039164492,0.59425,0.5758613446475196,0.622665,0.8472939793281659,0.848125,0.8385327519379832,0.84127,0.8562863001293649,0.86029,38.51897462724932,39.15844,38.50417722365039,39.33333,21.556814100257093,40.56771145244214,41.15478,40.72825610539848,41.41667,22.14914557840615,0.521084498714653,0.556835,0.02110393316195373,0.015285,0.11921132390745495,0.115905,0.16899999999999998,0.344,46.13,4958
Texas,25.882015300000003,36.384904,-106.6178476,-93.705461,13935294,6916078,7019216,988.0275336957327,901.95749,942.9751915359358,854.0,352.28681035023703,0.9500807989784734,0.9725600000000001,0.7133395184239347,0.7317600000000001,0.4679085625684057,0.47284,0.3161443487778184,0.30833,0.22715067858445742,0.21345,69301.16338750465,62329.10035,56261.423315118394,48708.0,53637.21620931876,76223.54619249712,69681.34777000001,66230.43237331389,58114.0,49870.76508386791,1469.29934746174,1334.58459,1392.787234042553,1256.0,532.4460932512135,541.3581644807126,484.118555,513.763353115727,453.0,225.74405811943623,0.01525,0.006725,0.01688046528803544,0.008164999999999999,0.036827788035450615,0.02632,0.5498159638109319,0.561565,0.6432324815361887,0.550735,0.7497526772525859,0.7783399999999999,0.619179464549484,0.67687,0.8033782406397689,0.8412299999999999,0.8001504434750975,0.83501,0.807607376273653,0.84563,36.042718825881394,35.78045,35.04646796801157,34.25,21.13493614685571,37.785089218466,37.65618,37.175390723373354,36.58333,21.863084725554305,0.5255890730643417,0.5344399999999999,0.022750476190476217,0.01685,0.09801623773173407,0.09312999999999999,0.17,0.348,52.56,20659
Utah,37.0450849,41.821841799999994,-113.7006919,-109.2507541,1598815,804287,794528,1079.1389943827155,1031.292035,1023.1728395061729,959.0,390.4357072839505,0.9580398148148148,0.98055,0.7074177160493825,0.7279249999999999,0.44730250000000066,0.455545,0.2920836728395061,0.28776999999999997,0.20665873456790115,0.20055499999999998,76134.66721753085,71480.32561,64617.95987654321,61324.5,54109.69424941361,80959.0764925617,76216.562355,71810.75925925926,68062.0,49515.94788765435,1558.7554883540372,1470.11283,1485.3167701863354,1405.0,582.2875025776401,430.61552953271024,402.2057,403.18380062305295,377.0,169.1985469781933,0.03926944444444444,0.03243,0.0434846913580247,0.037575,0.11578481481481478,0.11336,0.6982749382716046,0.7018200000000001,0.334214475308642,0.28522499999999995,0.41284783950617276,0.38226,0.3744198456790124,0.36377499999999996,0.9109607076923079,0.93375,0.9096756307692309,0.93381,0.9117970769230763,0.93475,33.55665655384614,33.34313,31.22666664615387,30.5,21.050468523076916,34.59163430769232,34.70105,32.36179470769229,31.91667,21.51896766153845,0.5759348923076922,0.59783,0.013346984615384604,0.00864,0.08064873846153846,0.07306,0.23,0.278,67.84,2154
Vermont,42.8330172,44.9507744,-73.2835528,-71.70941859999999,313577,154456,159121,944.531722043011,915.95329,911.258064516129,872.0,385.8095338709677,0.9729823655913981,0.9852,0.7633373118279568,0.77988,0.4910063440860214,0.48325,0.3187766666666666,0.33494,0.2293129032258065,0.22801,67835.13523741934,65899.142,54699.11827956989,54263.0,54723.654348709664,79614.72383344085,78160.18736,68969.0,66531.0,52362.21201430106,1636.7281965591399,1597.6146199999998,1532.268817204301,1468.0,669.0513045161288,688.2467700000001,660.4801,641.6236559139785,621.0,289.9401573118281,0.014118709677419352,0.01195,0.017363548387096774,0.01461,0.11948623655913976,0.1139,0.630851182795699,0.6228600000000001,0.5217315053763442,0.49742,0.37842139784946244,0.38001999999999997,0.5227904301075268,0.55023,0.9132761290322581,0.9169799999999999,0.897938602150538,0.90696,0.9282267741935487,0.9324100000000001,41.56237784946237,41.48986,43.23745505376344,44.0,22.235504731182782,42.999694623655905,43.72605,44.70609333333333,45.66667,22.55267774193549,0.5395527956989248,0.55992,0.012806451612903232,0.00935,0.11656483870967749,0.11464,0.226,0.275,48.18,272
Virginia,36.5536946,39.3451723,-83.4491365,-75.5033128,4293918,2102950,2190968,1313.5269592012119,1183.60592,1267.3892821031345,1117.0,441.52510144590474,0.9642543983822042,0.98492,0.747492082912033,0.76279,0.48574237613751303,0.48794,0.3249889282103136,0.31982,0.22945391304347834,0.21673,86203.31083786068,75299.38197999999,73946.82845610495,62381.0,59660.02297285575,93633.35812590322,83725.88818,85623.12411705348,72359.0,54559.55021703323,1814.9782532142865,1685.218275,1734.534693877551,1596.5,688.1013693571422,547.3728321530605,495.9759,520.9295918367347,471.0,212.80171787755108,0.03616838414634143,0.028575,0.04182107723577236,0.033670000000000005,0.13829982723577242,0.137525,0.704402388211382,0.7343999999999999,0.36126855691056897,0.31621,0.34125256097560963,0.28635999999999995,0.36437307926829254,0.28809,0.8807268309859159,0.8998949999999999,0.8737263380281689,0.89418,0.8879213796576026,0.90176,37.906560905432634,38.21774,37.99891026156938,38.0,21.04167890342052,39.77507506036215,39.918000000000006,40.20062043259557,40.541664999999995,21.670981740442652,0.5366078068410464,0.55802,0.023313380281690162,0.017665,0.09018393360160964,0.08474000000000001,0.218,0.304,57.35,5323
Washington,45.5634331,48.980787799999995,-124.63540400000001,-117.0499947,3870279,1930122,1940157,1131.994584459627,1086.26144,1074.2434782608696,1020.0,443.2921088944098,0.9639138509316778,0.97906,0.7423987329192544,0.76754,0.48887178881987614,0.49451999999999996,0.32208116770186296,0.32573,0.22886221118012412,0.225,76292.64970555286,71831.67942,63358.89316770186,59128.0,56986.96800893167,85465.860955354,79971.63827000001,75774.84223602485,69973.0,53124.6515227205,1774.6280246499998,1712.79687,1700.71625,1652.0,664.0940849874996,549.4126281932245,520.28346,525.883312421581,505.0,221.20999015056455,0.03217957499999998,0.026935,0.03693295,0.030860000000000002,0.11600180000000006,0.112885,0.6859359250000003,0.700225,0.38792449999999973,0.34023000000000003,0.40625489999999975,0.38434,0.39716537500000015,0.367525,0.8971675248756221,0.917435,0.8910997512437806,0.91477,0.9034332960199015,0.925955,38.20438152795034,38.20303,38.04989649689439,37.41667,21.29868849689442,39.66233777639756,39.79195,39.58312638509316,39.08333,22.01965847204969,0.523614459627329,0.53277,0.01531550310559007,0.01037,0.10955710559006224,0.10611,0.235,0.287,56.44,4515
West Virginia,37.251762,40.596996999999995,-82.524199,-77.76690570000001,1045789,517338,528451,674.7191203018867,646.60287,642.0679245283019,629.0,270.1087184528301,0.9281160377358498,0.9459799999999999,0.6855858113207552,0.7035600000000001,0.4584110566037736,0.46591000000000005,0.3159086037735848,0.30337,0.23969049056603778,0.21984,54518.852435735884,52153.12253,41656.762264150944,40342.0,47323.21103913209,64959.64263984908,62935.65331,54344.06037735849,52000.0,46004.68033724527,1058.2533255681815,1016.776855,964.530303030303,917.0,468.9371065151514,329.7806101509433,316.39959,304.8188679245283,295.0,152.70843116981143,0.012764943396226414,0.0078,0.014840679245283017,0.010159999999999999,0.05496135849056605,0.047619999999999996,0.47548966037735846,0.47768,0.6084173207547172,0.5361199999999999,0.6549372452830189,0.68566,0.7686956226415096,0.80971,0.8542733584905661,0.85662,0.8476581132075469,0.85341,0.8611581886792449,0.86145,40.70328166037735,41.08939,41.288993773584906,41.83333,22.259527396226435,42.78294750943393,43.16194,43.708805132075454,44.75,23.05151294339623,0.5172141132075473,0.53288,0.015122603773584905,0.01009,0.1313540377358491,0.12828,0.151,0.395,33.42,1193
Wisconsin,42.5077277,46.9406451,-92.75772140000001,-87.24431949999999,3009899,1494100,1515799,844.0830816895597,804.4027800000001,796.9038461538462,767.0,323.8412629395606,0.9548560164835158,0.96908,0.7008451648351648,0.70888,0.45403853021978013,0.446465,0.31082607142857155,0.287415,0.22735517857142826,0.204315,64952.289489863244,62591.06652000001,53680.04924760602,51821.0,49869.982710779776,75544.00286646579,73357.06022,66559.05068493151,64823.5,47647.85180199996,1479.5313266391177,1411.555305,1389.6487603305786,1330.0,568.2898082506886,572.2163935034483,547.67344,542.8951724137931,522.0,210.58239446896545,0.030531746905089394,0.02574,0.03504508940852819,0.03073,0.12126429160935354,0.12072000000000001,0.6504079504814307,0.65776,0.37364507565337035,0.34135,0.3800615818431914,0.35108,0.47293909215956026,0.46958999999999995,0.896382667578659,0.91714,0.8866062517099864,0.91054,0.9061203283173733,0.92658,38.60147660738716,39.113209999999995,38.540811751026,38.91667,21.71958470588237,40.22524270861834,40.85865,40.47891024623805,41.66667,22.464154008207913,0.5086769493844046,0.55771,0.011003885088919288,0.00675,0.10138425444596455,0.09978,0.212,0.32,58.87,3573
Wyoming,41.108643,44.8408508,-110.96275800000001,-104.0893488,345577,175935,169642,879.6789470270265,830.726285,823.9459459459459,804.5,353.3646947297296,0.917889054054054,0.9383599999999999,0.6201756756756756,0.63249,0.35699945945945954,0.36064,0.23243837837837844,0.22366000000000003,0.16296297297297296,0.14353,71906.9813722973,71613.37781,59417.82432432433,59171.0,54263.30645959459,80806.51574594593,78969.47258500001,71542.13513513513,70093.5,50745.77432837838,1420.4465161643836,1364.19079,1347.849315068493,1302.0,553.6219147945206,415.9311506849315,406.47741,382.041095890411,378.0,187.63604534246576,0.03102337837837838,0.02569,0.03428945945945946,0.028040000000000002,0.06398297297297298,0.06078,0.5711914864864864,0.5678000000000001,0.3971960810810812,0.36597500000000005,0.6152762162162163,0.624955,0.6159021621621621,0.66489,0.9234094594594595,0.93144,0.9194800000000001,0.9279600000000001,0.927437837837838,0.928855,37.70483067567567,38.06657,37.39301837837838,37.583335000000005,21.54772594594595,38.764638513513525,38.855194999999995,38.192567297297295,37.833335000000005,22.357369459459466,0.5501359459459457,0.559175,0.014016216216216215,0.010270000000000001,0.11651081081081081,0.11246,0.23,0.29,48.9,416
